Workbook

Sheet Assumptions
A1: Tower Climber — Progression Model Assumptions
A3: Parameter | B3: Value | C3: Unit | D3: Notes
A4: Starting enemy HP (Floor 1) | B4: 20 | C4: HP | D4: Fill in from your Tower of Hero research
A5: Enemy HP growth rate per floor | B5: 0.08 | C5: %/floor | D5: e.g. 8% compounding per floor
A6: Starting enemy damage (Floor 1) | B6: 3 | C6: dmg
A7: Enemy damage growth rate per floor | B7: 0.06 | C7: %/floor
A8: Boss floor interval | B8: 10 | C8: floors | D8: Every Nth floor is a boss/spike
A9: Boss HP multiplier | B9: 3 | C9: x | D9: Multiplier applied on boss floors
A10: Player base HP | B10: 30 | C10: HP
A11: Player base damage | B11: 5 | C11: dmg
A12: Gear power per rarity tier (avg % stat boost) | B12: 0.15 | C12: %/tier | D12: Common->Rare->Epic->Legendary etc.
A13: Number of gear rarity tiers | B13: 4 | C13: tiers
A14: Number of gear slots | B14: 5 | C14: slots
A15: Daily login base reward (Day 1) | B15: 10 | C15: currency
A16: Daily login streak bonus per day | B16: 5 | C16: currency/day | D16: Added per consecutive day, capped at streak cap
A17: Daily login streak cap | B17: 7 | C17: days | D17: Streak resets / caps after N days
A18: Rewarded ad currency amount | B18: 15 | C18: currency
A19: Max rewarded ads per day | B19: 5 | C19: ads/day
A20: Prestige currency per run (base) | B20: 1 | C20: prestige pts | D20: Earned per run based on best floor reached
A21: Wall interval (floors between breakpoints) | B21: 10 | C21: floors | D21: Tower of Hero pattern: sharp power jump every N floors
A22: Wall power multiplier | B22: 3 | C22: x | D22: Power jump applied on a wall floor (Tower of Hero: ~3x on breakpoint)
A23: Small power growth per non-wall floor | B23: 0.02 | C23: %/floor | D23: Steady climb between walls
A24: Survivability safety buffer (Auto-Eat-equivalent threshold) | B24: 0.3 | C24: % of HP | D24: Melvor pattern: HP buffer kept in reserve to stay 'idle-safe'
A25: Player damage reduction | B25: 0.1 | C25: % | D25: Flat mitigation applied to incoming enemy damage; keep this a % not a flat number so it keeps scaling (see The Tower notes)
A26: Gold per kill — base | B26: 8 | C26: gold | D26: Matches GOLD_PER_KILL_BASE in Main.gd
A27: Gold per kill — per floor increment | B27: 3 | C27: gold/floor | D27: Matches GOLD_PER_KILL_PER_FLOOR in Main.gd

Sheet Floor Scaling
A1: Floor-by-Floor Difficulty Curve
A2: Edit Assumptions tab to adjust the whole curve. Rows below auto-calculate.
A4: Floor | B4: Is Boss Floor? | C4: Enemy HP | D4: Enemy Damage | E4: Player HP Needed (survive 5 hits) | F4: Player DPS Needed (kill in 5 hits)
A5: 1 | B5: =IF(MOD(A5,Assumptions!$B$8)=0,"Boss","") | C5: =Assumptions!$B$4*(1+Assumptions!$B$5)^(A5-1)*IF(B5="Boss",Assumptions!$B$9,1) -> 20 | D5: =Assumptions!$B$6*(1+Assumptions!$B$7)^(A5-1)*IF(B5="Boss",1.5,1) -> 3 | E5: =D5*5 -> 15 | F5: =C5/5 -> 4
A6: 2 | B6: =IF(MOD(A6,Assumptions!$B$8)=0,"Boss","") | C6: =Assumptions!$B$4*(1+Assumptions!$B$5)^(A6-1)*IF(B6="Boss",Assumptions!$B$9,1) -> 21.6 | D6: =Assumptions!$B$6*(1+Assumptions!$B$7)^(A6-1)*IF(B6="Boss",1.5,1) -> 3.18 | E6: =D6*5 -> 15.9 | F6: =C6/5 -> 4.32
A7: 3 | B7: =IF(MOD(A7,Assumptions!$B$8)=0,"Boss","") | C7: =Assumptions!$B$4*(1+Assumptions!$B$5)^(A7-1)*IF(B7="Boss",Assumptions!$B$9,1) -> 23.328 | D7: =Assumptions!$B$6*(1+Assumptions!$B$7)^(A7-1)*IF(B7="Boss",1.5,1) -> 3.3708 | E7: =D7*5 -> 16.854 | F7: =C7/5 -> 4.6656
A8: 4 | B8: =IF(MOD(A8,Assumptions!$B$8)=0,"Boss","") | C8: =Assumptions!$B$4*(1+Assumptions!$B$5)^(A8-1)*IF(B8="Boss",Assumptions!$B$9,1) -> 25.19424 | D8: =Assumptions!$B$6*(1+Assumptions!$B$7)^(A8-1)*IF(B8="Boss",1.5,1) -> 3.573048 | E8: =D8*5 -> 17.86524 | F8: =C8/5 -> 5.038848
A9: 5 | B9: =IF(MOD(A9,Assumptions!$B$8)=0,"Boss","") | C9: =Assumptions!$B$4*(1+Assumptions!$B$5)^(A9-1)*IF(B9="Boss",Assumptions!$B$9,1) -> 27.209779 | D9: =Assumptions!$B$6*(1+Assumptions!$B$7)^(A9-1)*IF(B9="Boss",1.5,1) -> 3.7874309 | E9: =D9*5 -> 18.937154 | F9: =C9/5 -> 5.4419558
A10: 6 | B10: =IF(MOD(A10,Assumptions!$B$8)=0,"Boss","") | C10: =Assumptions!$B$4*(1+Assumptions!$B$5)^(A10-1)*IF(B10="Boss",Assumptions!$B$9,1) -> 29.386562 | D10: =Assumptions!$B$6*(1+Assumptions!$B$7)^(A10-1)*IF(B10="Boss",1.5,1) -> 4.0146767 | E10: =D10*5 -> 20.073384 | F10: =C10/5 -> 5.8773123
A11: 7 | B11: =IF(MOD(A11,Assumptions!$B$8)=0,"Boss","") | C11: =Assumptions!$B$4*(1+Assumptions!$B$5)^(A11-1)*IF(B11="Boss",Assumptions!$B$9,1) -> 31.737486 | D11: =Assumptions!$B$6*(1+Assumptions!$B$7)^(A11-1)*IF(B11="Boss",1.5,1) -> 4.2555573 | E11: =D11*5 -> 21.277787 | F11: =C11/5 -> 6.3474973
A12: 8 | B12: =IF(MOD(A12,Assumptions!$B$8)=0,"Boss","") | C12: =Assumptions!$B$4*(1+Assumptions!$B$5)^(A12-1)*IF(B12="Boss",Assumptions!$B$9,1) -> 34.276485 | D12: =Assumptions!$B$6*(1+Assumptions!$B$7)^(A12-1)*IF(B12="Boss",1.5,1) -> 4.5108908 | E12: =D12*5 -> 22.554454 | F12: =C12/5 -> 6.8552971
A13: 9 | B13: =IF(MOD(A13,Assumptions!$B$8)=0,"Boss","") | C13: =Assumptions!$B$4*(1+Assumptions!$B$5)^(A13-1)*IF(B13="Boss",Assumptions!$B$9,1) -> 37.018604 | D13: =Assumptions!$B$6*(1+Assumptions!$B$7)^(A13-1)*IF(B13="Boss",1.5,1) -> 4.7815442 | E13: =D13*5 -> 23.907721 | F13: =C13/5 -> 7.4037208
A14: 10 | B14: =IF(MOD(A14,Assumptions!$B$8)=0,"Boss","") -> Boss | C14: =Assumptions!$B$4*(1+Assumptions!$B$5)^(A14-1)*IF(B14="Boss",Assumptions!$B$9,1) -> 119.94028 | D14: =Assumptions!$B$6*(1+Assumptions!$B$7)^(A14-1)*IF(B14="Boss",1.5,1) -> 7.6026553 | E14: =D14*5 -> 38.013277 | F14: =C14/5 -> 23.988056
A15: 11 | B15: =IF(MOD(A15,Assumptions!$B$8)=0,"Boss","") | C15: =Assumptions!$B$4*(1+Assumptions!$B$5)^(A15-1)*IF(B15="Boss",Assumptions!$B$9,1) -> 43.1785 | D15: =Assumptions!$B$6*(1+Assumptions!$B$7)^(A15-1)*IF(B15="Boss",1.5,1) -> 5.3725431 | E15: =D15*5 -> 26.862715 | F15: =C15/5 -> 8.6357
A16: 12 | B16: =IF(MOD(A16,Assumptions!$B$8)=0,"Boss","") | C16: =Assumptions!$B$4*(1+Assumptions!$B$5)^(A16-1)*IF(B16="Boss",Assumptions!$B$9,1) -> 46.63278 | D16: =Assumptions!$B$6*(1+Assumptions!$B$7)^(A16-1)*IF(B16="Boss",1.5,1) -> 5.6948957 | E16: =D16*5 -> 28.474478 | F16: =C16/5 -> 9.326556
... A104: 100 | B104: =IF(MOD(A104,Assumptions!$B$8)=0,"Boss","") -> Boss | C104: =Assumptions!$B$4*(1+Assumptions!$B$5)^(A104-1)*IF(B104="Boss",Assumptions!$B$9,1) -> 122208.96 | D104: =Assumptions!$B$6*(1+Assumptions!$B$7)^(A104-1)*IF(B104="Boss",1.5,1) -> 1440.4334 | E104: =D104*5 -> 7202.1669 | F104: =C104/5 -> 24441.792

Sheet Gear Power Curve
A1: Gear Power by Rarity Tier
A2: Models total player power available if every slot is filled with a given rarity tier.
A4: Rarity Tier # | B4: Tier Name (edit) | C4: Stat Boost per Tier | D4: Total Player HP (all slots this tier) | E4: Total Player Damage (all slots this tier)
A5: 1 | B5: Common | C5: =Assumptions!$B$12*A5 -> 0.15 | D5: =Assumptions!$B$10*(1+C5*Assumptions!$B$14) -> 52.5 | E5: =Assumptions!$B$11*(1+C5*Assumptions!$B$14) -> 8.75
A6: 2 | B6: Rare | C6: =Assumptions!$B$12*A6 -> 0.3 | D6: =Assumptions!$B$10*(1+C6*Assumptions!$B$14) -> 75 | E6: =Assumptions!$B$11*(1+C6*Assumptions!$B$14) -> 12.5
A7: 3 | B7: Epic | C7: =Assumptions!$B$12*A7 -> 0.45 | D7: =Assumptions!$B$10*(1+C7*Assumptions!$B$14) -> 97.5 | E7: =Assumptions!$B$11*(1+C7*Assumptions!$B$14) -> 16.25
A8: 4 | B8: Legendary | C8: =Assumptions!$B$12*A8 -> 0.6 | D8: =Assumptions!$B$10*(1+C8*Assumptions!$B$14) -> 120 | E8: =Assumptions!$B$11*(1+C8*Assumptions!$B$14) -> 20
A9: 5 | B9: Mythic | C9: =Assumptions!$B$12*A9 -> 0.75 | D9: =Assumptions!$B$10*(1+C9*Assumptions!$B$14) -> 142.5 | E9: =Assumptions!$B$11*(1+C9*Assumptions!$B$14) -> 23.75
A10: 6 | B10: Ascended | C10: =Assumptions!$B$12*A10 -> 0.9 | D10: =Assumptions!$B$10*(1+C10*Assumptions!$B$14) -> 165 | E10: =Assumptions!$B$11*(1+C10*Assumptions!$B$14) -> 27.5
A12: Balance check: compare 'Total Player HP/Damage' at a given tier against 'Player HP/DPS Needed' on the Floor Scaling tab for the floor range you expect that tier to cover.

Sheet Shop Currency (Daily+Ads)
A1: Shop Currency — Daily Login & Rewarded Ads Only
A2: This currency is separate from Gold. It's earned only via daily login streaks and rewarded ads, and spent only in the Shop tab (boosts + the Fire Sword, which is exclusively earned this way — never a chest drop).
A3: Consecutive Day | B3: Login Reward | C3: Cumulative from Login | D3: Max Rewarded-Ad Income (if watched daily) | E3: Total Possible Daily Income
A4: 1 | B4: =Assumptions!$B$15+MIN(A4-1,Assumptions!$B$17-1)*Assumptions!$B$16 -> 10 | C4: =B4 -> 10 | D4: =Assumptions!$B$18*Assumptions!$B$19 -> 75 | E4: =B4+D4 -> 85
A5: 2 | B5: =Assumptions!$B$15+MIN(A5-1,Assumptions!$B$17-1)*Assumptions!$B$16 -> 15 | C5: =C4+B5 -> 25 | D5: =Assumptions!$B$18*Assumptions!$B$19 -> 75 | E5: =B5+D5 -> 90
A6: 3 | B6: =Assumptions!$B$15+MIN(A6-1,Assumptions!$B$17-1)*Assumptions!$B$16 -> 20 | C6: =C5+B6 -> 45 | D6: =Assumptions!$B$18*Assumptions!$B$19 -> 75 | E6: =B6+D6 -> 95
A7: 4 | B7: =Assumptions!$B$15+MIN(A7-1,Assumptions!$B$17-1)*Assumptions!$B$16 -> 25 | C7: =C6+B7 -> 70 | D7: =Assumptions!$B$18*Assumptions!$B$19 -> 75 | E7: =B7+D7 -> 100
A8: 5 | B8: =Assumptions!$B$15+MIN(A8-1,Assumptions!$B$17-1)*Assumptions!$B$16 -> 30 | C8: =C7+B8 -> 100 | D8: =Assumptions!$B$18*Assumptions!$B$19 -> 75 | E8: =B8+D8 -> 105
A9: 6 | B9: =Assumptions!$B$15+MIN(A9-1,Assumptions!$B$17-1)*Assumptions!$B$16 -> 35 | C9: =C8+B9 -> 135 | D9: =Assumptions!$B$18*Assumptions!$B$19 -> 75 | E9: =B9+D9 -> 110
A10: 7 | B10: =Assumptions!$B$15+MIN(A10-1,Assumptions!$B$17-1)*Assumptions!$B$16 -> 40 | C10: =C9+B10 -> 175 | D10: =Assumptions!$B$18*Assumptions!$B$19 -> 75 | E10: =B10+D10 -> 115
A11: 8 | B11: =Assumptions!$B$15+MIN(A11-1,Assumptions!$B$17-1)*Assumptions!$B$16 -> 40 | C11: =C10+B11 -> 215 | D11: =Assumptions!$B$18*Assumptions!$B$19 -> 75 | E11: =B11+D11 -> 115
A12: 9 | B12: =Assumptions!$B$15+MIN(A12-1,Assumptions!$B$17-1)*Assumptions!$B$16 -> 40 | C12: =C11+B12 -> 255 | D12: =Assumptions!$B$18*Assumptions!$B$19 -> 75 | E12: =B12+D12 -> 115
A13: 10 | B13: =Assumptions!$B$15+MIN(A13-1,Assumptions!$B$17-1)*Assumptions!$B$16 -> 40 | C13: =C12+B13 -> 295 | D13: =Assumptions!$B$18*Assumptions!$B$19 -> 75 | E13: =B13+D13 -> 115
A14: 11 | B14: =Assumptions!$B$15+MIN(A14-1,Assumptions!$B$17-1)*Assumptions!$B$16 -> 40 | C14: =C13+B14 -> 335 | D14: =Assumptions!$B$18*Assumptions!$B$19 -> 75 | E14: =B14+D14 -> 115
A15: 12 | B15: =Assumptions!$B$15+MIN(A15-1,Assumptions!$B$17-1)*Assumptions!$B$16 -> 40 | C15: =C14+B15 -> 375 | D15: =Assumptions!$B$18*Assumptions!$B$19 -> 75 | E15: =B15+D15 -> 115
A16: 13 | B16: =Assumptions!$B$15+MIN(A16-1,Assumptions!$B$17-1)*Assumptions!$B$16 -> 40 | C16: =C15+B16 -> 415 | D16: =Assumptions!$B$18*Assumptions!$B$19 -> 75 | E16: =B16+D16 -> 115
A17: 14 | B17: =Assumptions!$B$15+MIN(A17-1,Assumptions!$B$17-1)*Assumptions!$B$16 -> 40 | C17: =C16+B17 -> 455 | D17: =Assumptions!$B$18*Assumptions!$B$19 -> 75 | E17: =B17+D17 -> 115
A20: Note: this currency is earn-only per design (no direct purchase) and is NOT the same wallet as Gold. Gold comes from floor-clear kills and pays for Hero/Skill/Soldier upgrades — see the 'Gold Pacing' tab.

Sheet Prestige Curve
A1: Prestige (Death & Restart) Growth Model
A2: Models how much permanent power you gain each run based on best floor reached before dying.
A4: Best Floor Reached This Run | B4: Prestige Points Earned | C4: Cumulative Prestige Points | D4: Permanent Power Bonus (%)
A5: 5 | B5: =Assumptions!$B$20*A5 -> 5 | C5: =B5 -> 5 | D5: =C5/200 -> 0.025
A6: 10 | B6: =Assumptions!$B$20*A6 -> 10 | C6: =C5+B6 -> 15 | D6: =C6/200 -> 0.075
A7: 15 | B7: =Assumptions!$B$20*A7 -> 15 | C7: =C6+B7 -> 30 | D7: =C7/200 -> 0.15
A8: 20 | B8: =Assumptions!$B$20*A8 -> 20 | C8: =C7+B8 -> 50 | D8: =C8/200 -> 0.25
A9: 25 | B9: =Assumptions!$B$20*A9 -> 25 | C9: =C8+B9 -> 75 | D9: =C9/200 -> 0.375
A10: 30 | B10: =Assumptions!$B$20*A10 -> 30 | C10: =C9+B10 -> 105 | D10: =C10/200 -> 0.525
A11: 40 | B11: =Assumptions!$B$20*A11 -> 40 | C11: =C10+B11 -> 145 | D11: =C11/200 -> 0.725
A12: 50 | B12: =Assumptions!$B$20*A12 -> 50 | C12: =C11+B12 -> 195 | D12: =C12/200 -> 0.975
A13: 60 | B13: =Assumptions!$B$20*A13 -> 60 | C13: =C12+B13 -> 255 | D13: =C13/200 -> 1.275
A14: 75 | B14: =Assumptions!$B$20*A14 -> 75 | C14: =C13+B14 -> 330 | D14: =C14/200 -> 1.65
A15: 90 | B15: =Assumptions!$B$20*A15 -> 90 | C15: =C14+B15 -> 420 | D15: =C15/200 -> 2.1
A16: 100 | B16: =Assumptions!$B$20*A16 -> 100 | C16: =C15+B16 -> 520 | D16: =C16/200 -> 2.6
A19: Tune the /200 divisor in column D so permanent power bonus grows meaningfully but never trivializes the climb.

Sheet Wall Breakpoints
A1: Wall / Breakpoint Power Curve (sawtooth model)
A2: Models Tower of Hero's 'wall' pattern: steady small growth between breakpoints, sharp multiplier jump on a wall floor. Compare the Player Power Index shape against Floor Scaling's difficulty curve to check the sawtooth stays ahead.
A5: Floor | B5: Is Wall Floor? | C5: Multiplier Applied This Floor | D5: Player Power Index | E5: Growth vs Prior Floor (%)
A6: 1 | B6: =IF(MOD(A6,Assumptions!$B$21)=0,"Wall","") | C6: =IF(B6="Wall",Assumptions!$B$22,1+Assumptions!$B$23) -> 1.02 | D6: =C6 -> 1.02 | E6: 0
A7: 2 | B7: =IF(MOD(A7,Assumptions!$B$21)=0,"Wall","") | C7: =IF(B7="Wall",Assumptions!$B$22,1+Assumptions!$B$23) -> 1.02 | D7: =D6*C7 -> 1.0404 | E7: =(D7/D6)-1 -> 0.02
A8: 3 | B8: =IF(MOD(A8,Assumptions!$B$21)=0,"Wall","") | C8: =IF(B8="Wall",Assumptions!$B$22,1+Assumptions!$B$23) -> 1.02 | D8: =D7*C8 -> 1.061208 | E8: =(D8/D7)-1 -> 0.02
A9: 4 | B9: =IF(MOD(A9,Assumptions!$B$21)=0,"Wall","") | C9: =IF(B9="Wall",Assumptions!$B$22,1+Assumptions!$B$23) -> 1.02 | D9: =D8*C9 -> 1.0824322 | E9: =(D9/D8)-1 -> 0.02
A10: 5 | B10: =IF(MOD(A10,Assumptions!$B$21)=0,"Wall","") | C10: =IF(B10="Wall",Assumptions!$B$22,1+Assumptions!$B$23) -> 1.02 | D10: =D9*C10 -> 1.1040808 | E10: =(D10/D9)-1 -> 0.02
A11: 6 | B11: =IF(MOD(A11,Assumptions!$B$21)=0,"Wall","") | C11: =IF(B11="Wall",Assumptions!$B$22,1+Assumptions!$B$23) -> 1.02 | D11: =D10*C11 -> 1.1261624 | E11: =(D11/D10)-1 -> 0.02
A12: 7 | B12: =IF(MOD(A12,Assumptions!$B$21)=0,"Wall","") | C12: =IF(B12="Wall",Assumptions!$B$22,1+Assumptions!$B$23) -> 1.02 | D12: =D11*C12 -> 1.1486857 | E12: =(D12/D11)-1 -> 0.02
A13: 8 | B13: =IF(MOD(A13,Assumptions!$B$21)=0,"Wall","") | C13: =IF(B13="Wall",Assumptions!$B$22,1+Assumptions!$B$23) -> 1.02 | D13: =D12*C13 -> 1.1716594 | E13: =(D13/D12)-1 -> 0.02
A14: 9 | B14: =IF(MOD(A14,Assumptions!$B$21)=0,"Wall","") | C14: =IF(B14="Wall",Assumptions!$B$22,1+Assumptions!$B$23) -> 1.02 | D14: =D13*C14 -> 1.1950926 | E14: =(D14/D13)-1 -> 0.02
A15: 10 | B15: =IF(MOD(A15,Assumptions!$B$21)=0,"Wall","") -> Wall | C15: =IF(B15="Wall",Assumptions!$B$22,1+Assumptions!$B$23) -> 3 | D15: =D14*C15 -> 3.5852777 | E15: =(D15/D14)-1 -> 2
A16: 11 | B16: =IF(MOD(A16,Assumptions!$B$21)=0,"Wall","") | C16: =IF(B16="Wall",Assumptions!$B$22,1+Assumptions!$B$23) -> 1.02 | D16: =D15*C16 -> 3.6569833 | E16: =(D16/D15)-1 -> 0.02
A17: 12 | B17: =IF(MOD(A17,Assumptions!$B$21)=0,"Wall","") | C17: =IF(B17="Wall",Assumptions!$B$22,1+Assumptions!$B$23) -> 1.02 | D17: =D16*C17 -> 3.7301229 | E17: =(D17/D16)-1 -> 0.02
A18: 13 | B18: =IF(MOD(A18,Assumptions!$B$21)=0,"Wall","") | C18: =IF(B18="Wall",Assumptions!$B$22,1+Assumptions!$B$23) -> 1.02 | D18: =D17*C18 -> 3.8047254 | E18: =(D18/D17)-1 -> 0.02
... A105: 100 | B105: =IF(MOD(A105,Assumptions!$B$21)=0,"Wall","") -> Wall | C105: =IF(B105="Wall",Assumptions!$B$22,1+Assumptions!$B$23) -> 3 | D105: =D104*C105 -> 350936.07 | E105: =(D105/D104)-1 -> 2

Sheet Safe-to-Idle Check
A1: Safe-to-Idle Checker (Melvor Idle pattern)
A2: Checks whether the player's effective HP (with safety buffer and damage reduction) can absorb the floor's enemy hit without dying — i.e. whether that floor is safely idle-able or needs active play.
A5: Floor | B5: Enemy Damage (from Floor Scaling) | C5: Player Power Index (from Wall Breakpoints) | D5: Effective Player HP | E5: Effective HP After Safety Buffer | F5: Damage After Reduction | G5: Idle-Safe?
A6: 1 | B6: ='Floor Scaling'!D6 -> 3.18 | C6: ='Wall Breakpoints'!D6 -> 1.02 | D6: =Assumptions!$B$10*C6 -> 30.6 | E6: =D6*Assumptions!$B$24 -> 9.18 | F6: =B6*(1-Assumptions!$B$25) -> 2.862 | G6: =IF(E6>F6,"Yes","No — needs active play") -> Yes
A7: 2 | B7: ='Floor Scaling'!D7 -> 3.3708 | C7: ='Wall Breakpoints'!D7 -> 1.0404 | D7: =Assumptions!$B$10*C7 -> 31.212 | E7: =D7*Assumptions!$B$24 -> 9.3636 | F7: =B7*(1-Assumptions!$B$25) -> 3.03372 | G7: =IF(E7>F7,"Yes","No — needs active play") -> Yes
A8: 3 | B8: ='Floor Scaling'!D8 -> 3.573048 | C8: ='Wall Breakpoints'!D8 -> 1.061208 | D8: =Assumptions!$B$10*C8 -> 31.83624 | E8: =D8*Assumptions!$B$24 -> 9.550872 | F8: =B8*(1-Assumptions!$B$25) -> 3.2157432 | G8: =IF(E8>F8,"Yes","No — needs active play") -> Yes
A9: 4 | B9: ='Floor Scaling'!D9 -> 3.7874309 | C9: ='Wall Breakpoints'!D9 -> 1.0824322 | D9: =Assumptions!$B$10*C9 -> 32.472965 | E9: =D9*Assumptions!$B$24 -> 9.7418894 | F9: =B9*(1-Assumptions!$B$25) -> 3.4086878 | G9: =IF(E9>F9,"Yes","No — needs active play") -> Yes
A10: 5 | B10: ='Floor Scaling'!D10 -> 4.0146767 | C10: ='Wall Breakpoints'!D10 -> 1.1040808 | D10: =Assumptions!$B$10*C10 -> 33.122424 | E10: =D10*Assumptions!$B$24 -> 9.9367272 | F10: =B10*(1-Assumptions!$B$25) -> 3.6132091 | G10: =IF(E10>F10,"Yes","No — needs active play") -> Yes
A11: 6 | B11: ='Floor Scaling'!D11 -> 4.2555573 | C11: ='Wall Breakpoints'!D11 -> 1.1261624 | D11: =Assumptions!$B$10*C11 -> 33.784873 | E11: =D11*Assumptions!$B$24 -> 10.135462 | F11: =B11*(1-Assumptions!$B$25) -> 3.8300016 | G11: =IF(E11>F11,"Yes","No — needs active play") -> Yes
A12: 7 | B12: ='Floor Scaling'!D12 -> 4.5108908 | C12: ='Wall Breakpoints'!D12 -> 1.1486857 | D12: =Assumptions!$B$10*C12 -> 34.46057 | E12: =D12*Assumptions!$B$24 -> 10.338171 | F12: =B12*(1-Assumptions!$B$25) -> 4.0598017 | G12: =IF(E12>F12,"Yes","No — needs active play") -> Yes
A13: 8 | B13: ='Floor Scaling'!D13 -> 4.7815442 | C13: ='Wall Breakpoints'!D13 -> 1.1716594 | D13: =Assumptions!$B$10*C13 -> 35.149781 | E13: =D13*Assumptions!$B$24 -> 10.544934 | F13: =B13*(1-Assumptions!$B$25) -> 4.3033898 | G13: =IF(E13>F13,"Yes","No — needs active play") -> Yes
A14: 9 | B14: ='Floor Scaling'!D14 -> 7.6026553 | C14: ='Wall Breakpoints'!D14 -> 1.1950926 | D14: =Assumptions!$B$10*C14 -> 35.852777 | E14: =D14*Assumptions!$B$24 -> 10.755833 | F14: =B14*(1-Assumptions!$B$25) -> 6.8423898 | G14: =IF(E14>F14,"Yes","No — needs active play") -> Yes
A15: 10 | B15: ='Floor Scaling'!D15 -> 5.3725431 | C15: ='Wall Breakpoints'!D15 -> 3.5852777 | D15: =Assumptions!$B$10*C15 -> 107.55833 | E15: =D15*Assumptions!$B$24 -> 32.267499 | F15: =B15*(1-Assumptions!$B$25) -> 4.8352888 | G15: =IF(E15>F15,"Yes","No — needs active play") -> Yes
A16: 11 | B16: ='Floor Scaling'!D16 -> 5.6948957 | C16: ='Wall Breakpoints'!D16 -> 3.6569833 | D16: =Assumptions!$B$10*C16 -> 109.7095 | E16: =D16*Assumptions!$B$24 -> 32.912849 | F16: =B16*(1-Assumptions!$B$25) -> 5.1254061 | G16: =IF(E16>F16,"Yes","No — needs active play") -> Yes
A17: 12 | B17: ='Floor Scaling'!D17 -> 6.0365894 | C17: ='Wall Breakpoints'!D17 -> 3.7301229 | D17: =Assumptions!$B$10*C17 -> 111.90369 | E17: =D17*Assumptions!$B$24 -> 33.571106 | F17: =B17*(1-Assumptions!$B$25) -> 5.4329305 | G17: =IF(E17>F17,"Yes","No — needs active play") -> Yes
... A105: 100 | B105: ='Floor Scaling'!D105 | C105: ='Wall Breakpoints'!D105 -> 350936.07 | D105: =Assumptions!$B$10*C105 -> 10528082 | E105: =D105*Assumptions!$B$24 -> 3158424.6 | F105: =B105*(1-Assumptions!$B$25) -> 0 | G105: =IF(E105>F105,"Yes","No — needs active play") -> Yes

Sheet Loot Tiers
A1: Loot Tier Pools & Time-to-Cap
A2: One shared probability per tier, split evenly across items in that tier — not per-item hand-tuning. Edit the blue cells; everything else recalculates.
A5: Tier | B5: Tier Total Drop Chance | C5: # Items in Tier | D5: Chance per Item | E5: Typical Item Cap | F5: Chests to Cap One Item | G5: Design Intent
A6: Starter (near-guaranteed) | B6: 0.85 | C6: 1 | D6: =B6/C6 -> 0.85 | E6: 16 | F6: =E6/D6 -> 18.823529 | G6: Instant dopamine, first chest or two
A7: Common | B7: 0.075 | C7: 14 | D7: =B7/C7 -> 0.0053571429 | E7: 10 | F7: =E7/D7 -> 1866.6667 | G7: Reached within the first real play session
A8: Uncommon | B8: 0.025 | C8: 8 | D8: =B8/C8 -> 0.003125 | E8: 45 | F8: =E8/D8 -> 14400 | G8: A solid early-to-mid goal, days not weeks
A9: Rare | B9: 0.004 | C9: 10 | D9: =B9/C9 -> 0.0004 | E9: 150 | F9: =E9/D9 -> 375000 | G9: Mid-game chase item, weeks of play
A10: Epic | B10: 0.0006 | C10: 12 | D10: =B10/C10 -> 5e-05 | E10: 400 | F10: =E10/D10 -> 8000000 | G10: Long-haul goal, months of consistent play
A11: Legendary | B11: 5e-05 | C11: 8 | D11: =B11/C11 -> 6.25e-06 | E11: 1000 | F11: =E11/D11 -> 160000000 | G11: Rare bragging-rights item, most players won't finish
A12: Mythic / trophy | B12: 3e-06 | C12: 6 | D12: =B12/C12 -> 5e-07 | E12: 100 | F12: =E12/D12 -> 200000000 | G12: Effectively aspirational — not expected to be completed
A14: Chests to Cap = Item Cap / Chance per Item — a rough expected-value estimate, not accounting for variance (real players will see a spread around this number).

Sheet Hero Skills
A1: Hero Skill Tree — all 13 skills, in one place
A2: Blue cells are editable. Where the source gave an exact per-level formula, it's wired up. Where it only said 'a small percentage,' a placeholder 2%/level is used — swap in your own number once you decide the pace.
A5: Skill | B5: Category | C5: Effect | D5: Formula | E5: Max Level | F5: Current Level | G5: Value at Current Level | H5: Notes
A6: Heroes | B6: Core tap mechanic | C6: Tap to summon +1 hero | D6: n/a — this is the tap action itself, not a leveled stat | E6: ~4,000,000 (soft/flavor cap) | F6: 1 | G6: =1 -> 1 | H6: Not really a skill level — the wiki lists a lifetime-summon-count cap here, not a per-level formula.
A7: Summon | B7: Passive — capacity | C7: Increases how many heroes can be active at once | D7: Max Pool = Base Pool + 2 x Level | E7: 100 | F7: 20 | G7: =10+2*F7 -> 50 | H7: Base pool of 10 is a placeholder -- swap for your own starting value.
A8: Monster Seal | B8: Passive — utility (not power) | C8: Seals floors so re-climbing after a reset skips already-cleared ground | D8: Floors Sealed = 10 x Level | E8: 5 | F8: 3 | G8: =10*F8 -> 30 | H8: Utility, not a power stat — keeps resets from feeling tedious rather than making you stronger.
A9: Monster Auto-Seal | B9: Passive — utility (not power) | C9: Automatically seals floors near your top floor; range expands per level | D9: No numeric formula given — descriptive only | E9: 8 | F9: 2 | G9: ="n/a" -> n/a | H9: Companion to Monster Seal; automates it instead of manual sealing.
A10: Heroic Berserker | B10: Passive — proc rate | C10: Increases the chance a powerful berserker hero spawns | D10: Appearance Rate = Level x %/Level (2%/level placeholder, editable in the value formula) | E10: 30 | F10: 10 | G10: =F10*0.02 -> 0.2 | H10: placeholder
A11: Growth Speed | B11: Passive — soldier pacing | C11: Increases the rate soldiers appear | D11: Speed Bonus = Level x 1.5%/Level (placeholder) | E11: 52 | F11: 20 | G11: =F11*0.015 -> 0.3 | H11: placeholder
A12: Power Up | B12: Passive — global multiplier | C12: Increases soldier and hero ATK and HP together | D12: Multiplier = 1 + (Level x 10%) — modeled in the 'Gear Stacking Model' tab | E12: 200 | F12: 50 | G12: =1+(F12*0.1) -> 6 | H12: This is the same Power Up row from Gear Stacking Model — kept in sync manually; update both if you change the level.
A13: Fame | B13: Passive — cross-stat dependency | C13: Hero attack increases based on total soldier attack | D13: Hero ATK Bonus = Total Soldier ATK x (Level x 1%) | E13: 150 | F13: 30 | G13: =100000*(F13*0.01) -> 30000 | H13: Uses a placeholder Total Soldier ATK of 100,000 — replace with a real linked value once you have live soldier totals.
A14: Doping | B14: Active — temporary buff | C14: Temporarily increases soldier speed and appearance rate | D14: Buff Strength = Level x %/Level (placeholder) | E14: 20 | F14: 10 | G14: =F14*0.03 -> 0.3 | H14: placeholder
A15: Rain of Gold | B15: Active — temporary buff | C15: Temporarily increases coin drop from fallen monsters | D15: Buff Strength = Level x %/Level (placeholder) | E15: 120 | F15: 30 | G15: =F15*0.02 -> 0.6 | H15: placeholder
A16: Warp | B16: Active — temporary buff | C16: Warriors briefly warp to the top floor with a huge HP/ATK boost | D16: Buff Strength = Level x %/Level (placeholder) | E16: 16 | F16: 8 | G16: =F16*0.05 -> 0.4 | H16: placeholder
A17: Ultimate Summon | B17: Active — temporary burst | C17: Temporary continuous auto-summon via long press | D17: Soldiers = 50 + 5x(Level-1); Rate = 10 + 1x(Level-1) per second | E17: 80 | F17: 20 | G17: =(50+5*(F17-1)) -> 145 | H17: Front-loaded: Level 1 alone gives 50 soldiers @ 10/sec — later levels just add small increments, same pattern as gear. Rate/sec = 10+1×(Level-1), shown separately.
A18: New Dungeon | B18: Prestige / reset | C18: Resets the tower to floor 1; gear is kept, dropped items reset | D18: See the 'Prestige Curve' tab for the reward-per-reset model | E18: N/A | F18: n/a | G18: ="See Prestige Curve tab" -> See Prestige Curve tab | H18: This is your reset/prestige button — already modeled elsewhere in this workbook.

Sheet Gold Pacing (Floor Clears)
A1: Gold Pacing — Floor-Clear Currency
A2: Gold is earned by clearing floors and spent on Hero & Skill upgrades and Soldier upgrades — a completely separate wallet from Shop Currency (see 'Shop Currency (Daily+Ads)' tab), which only buys Shop boosts and the Fire Sword.
A5: Floor | B5: Gold Earned on Clear | C5: Cumulative Gold Earned
A6: 1 | B6: =Assumptions!$B$26+(A6*Assumptions!$B$27) -> 11 | C6: =B6 -> 11
A7: 2 | B7: =Assumptions!$B$26+(A7*Assumptions!$B$27) -> 14 | C7: =C6+B7 -> 25
A8: 3 | B8: =Assumptions!$B$26+(A8*Assumptions!$B$27) -> 17 | C8: =C7+B8 -> 42
A9: 4 | B9: =Assumptions!$B$26+(A9*Assumptions!$B$27) -> 20 | C9: =C8+B9 -> 62
A10: 5 | B10: =Assumptions!$B$26+(A10*Assumptions!$B$27) -> 23 | C10: =C9+B10 -> 85
A11: 6 | B11: =Assumptions!$B$26+(A11*Assumptions!$B$27) -> 26 | C11: =C10+B11 -> 111
A12: 7 | B12: =Assumptions!$B$26+(A12*Assumptions!$B$27) -> 29 | C12: =C11+B12 -> 140
A13: 8 | B13: =Assumptions!$B$26+(A13*Assumptions!$B$27) -> 32 | C13: =C12+B13 -> 172
A14: 9 | B14: =Assumptions!$B$26+(A14*Assumptions!$B$27) -> 35 | C14: =C13+B14 -> 207
A15: 10 | B15: =Assumptions!$B$26+(A15*Assumptions!$B$27) -> 38 | C15: =C14+B15 -> 245
A16: 11 | B16: =Assumptions!$B$26+(A16*Assumptions!$B$27) -> 41 | C16: =C15+B16 -> 286
A17: 12 | B17: =Assumptions!$B$26+(A17*Assumptions!$B$27) -> 44 | C17: =C16+B17 -> 330
A18: 13 | B18: =Assumptions!$B$26+(A18*Assumptions!$B$27) -> 47 | C18: =C17+B18 -> 377
... A105: 100 | B105: =Assumptions!$B$26+(A105*Assumptions!$B$27) -> 308 | C105: =C104+B105 -> 15950
A107: This mirrors the GOLD_PER_KILL_BASE / GOLD_PER_KILL_PER_FLOOR constants already in Main.gd, so the spreadsheet and the Godot starter project stay in sync — change Assumptions!B26/B27 here and update the matching constants in the script if you tune it.

Sheet Gear Stacking Model
A1: Gear Stacking Model — Same Family Adds, Different Families Multiply
A2: All matching formulas key off the ID columns, never the Display Name. Rename any Display Name cell freely at any time — nothing breaks, because the formulas never look at that text. This mirrors how the actual game should be built too: an internal ID for logic, a separate display-name lookup for the UI. See the brief's Naming section for the Godot-side version of this.
A6: Item Inputs
A7: Item ID (used by formulas) | B7: Display Name (edit freely) | C7: Stat Affected | D7: Family ID (used by formulas) | E7: Family Display Name (edit freely) | F7: Level | G7: Bonus % at this Level | H7: Notes
A8: sword_t1 | B8: Short Sword | C8: Attack | D8: sword_family | E8: Sword Family | F8: 136 | G8: 457.85 | H8: Community datapoint — see note below on formula mismatch
A9: sword_t2 | B9: Longsword | C9: Attack | D9: sword_family | E9: Sword Family | F9: 4 | G9: 8.6 | H9: Same family as sword_t1 — bonuses add together
A10: axe_t1 | B10: Battleaxe | C10: Attack | D10: axe_solo | E10: Battleaxe Family | F10: 1 | G10: 10 | H10: Separate family — multiplies onto sword_family's total
A11: armor_t1 | B11: Light Armor | C11: HP | D11: armor_family | E11: Armor Family | F11: 55 | G11: 85.25
A12: armor_t2 | B12: Heavy Armor | C12: HP | D12: armor_family | E12: Armor Family | F12: 4 | G12: 8.6 | H12: Same family as armor_t1 — bonuses add together
A13: helm_t1 | B13: Great Helm | C13: HP | D13: helm_solo | E13: Great Helm Family | F13: 1 | G13: 10 | H13: Separate family — multiplies onto armor_family's total
A16: Family Totals (matched by Family ID — same-family bonuses summed)
A17: Stat | B17: Family ID | C17: Family Display Name | D17: Summed Bonus % | E17: Multiplier Contributed (1 + bonus)
A18: Attack | B18: sword_family | C18: Sword Family | D18: =SUMIFS(G8:G13,C8:C13,A18,D8:D13,B18) -> 466.45 | E18: =1+D18 -> 467.45
A19: Attack | B19: axe_solo | C19: Battleaxe Family | D19: =SUMIFS(G8:G13,C8:C13,A19,D8:D13,B19) -> 10 | E19: =1+D19 -> 11
A20: HP | B20: armor_family | C20: Armor Family | D20: =SUMIFS(G8:G13,C8:C13,A20,D8:D13,B20) -> 93.85 | E20: =1+D20 -> 94.85
A21: HP | B21: helm_solo | C21: Great Helm Family | D21: =SUMIFS(G8:G13,C8:C13,A21,D8:D13,B21) -> 10 | E21: =1+D21 -> 11
A24: Account-Wide Skills (multiply on top of gear — not tied to any item)
A25: Skill | B25: Level | C25: Bonus per Level | D25: Multiplier Contributed (1 + level*bonus)
A26: Power Up (ATK & HP, +10%/level, cap 200) | B26: 50 | C26: 0.1 | D26: =1+(B26*C26) -> 6 | E26: Applies equally to both Attack and HP — separate from any gear family, always multiplies last
A29: Final Stat — Correct Model vs. the Naive (wrong) Model
A30: Base Stat (before any gear) | B30: 50
A31: Correct model — Attack: gear families multiply, then Power Up multiplies last | B31: =B30*E18*E19*D26 -> 1542585 | C31: Sword Family and Battleaxe Family multiply onto each other, then Power Up multiplies onto that
A32: Correct model — HP: gear families multiply, then Power Up multiplies last | B32: =B30*E20*E21*D26 -> 313005
A33: Naive model (wrong) — Attack, all % (gear + Power Up) just added together | B33: =B30*(1+D18+D19+(B26*C26)) -> 24122.5 | C33: Shown only to illustrate how far off the flat-addition assumption would be
A35: Reusable rule for your own build: give every stat-boosting item an ID and a Family ID (both permanent, never shown to the player) plus a Display Name and Family Display Name (both freely renameable, shown to the player). Formulas/matching always key off the ID columns. Same-family items sum, different families multiply, then account-wide skills multiply in last. One generic formula, reused for every item.
